Carrinho de Bebê Travel System;Transporte;Galzerano;1299.90;[Cor:Cinza,Idade:0-3 anos,Reclinável:Sim,Material:Alumínio,Inclui:Bebê conforto]
Berço Portátil Dreams;Móveis;Burigotto;899.00;[Cor:Bege,Material:Poliéster,Idade:0-2 anos,Montagem:Desmontável,Com mosquiteiro:Sim]
Cadeira de Alimentação Happy;Alimentação;Safety 1st;499.90;[Altura:Ajustável,Cor:Azul,Material:Plástico reforçado,Bandeja:Removível,Idade:6m+]
Cadeirinha para Auto Protege Reclinável;Transporte;Burigotto;799.00;[Grupo:0+/1/2,Idade:0-7 anos,Cor:Preta,Cintos:5 pontos,Encosto:Reclinável]
Piscina de Bolinhas Divertida;Brinquedo;Bestway;249.90;[Diâmetro:120cm,Altura:30cm,Material:PVC,Idade:2+,Quantidade de bolinhas:200]
Tenda Infantil Castelo Encantado;Brinquedo;Zippy Toys;199.00;[Tema:Princesas,Cor:Rosa,Material:Tecido,Número de janelas:2,Idade:3+]
Cercadinho Portátil Baby Safe;Segurança;Fisher-Price;699.90;[Cor:Verde,Material:Nylon,Idade:0-3 anos,Com bolsa:Sim,Montagem:Desmontável]
Banheira Anatômica Splash;Higiene;Stillo Baby;229.90;[Capacidade:35L,Cor:Azul,Com suporte:Sim,Antiderrapante:Sim,Idade:0-2 anos]
Triciclo Smart Plus;Brinquedo;Xalingo;399.00;[Cor:Vermelho,Material:Plástico,Idade:1-3 anos,Pedais:Sim,Capota:Removível]
Bebê Conforto Touring Evolution SE;Transporte;Cosco;589.00;[Grupo:0+,Peso:0-13kg,Cor:Preta,Base:Fixa,Com alça:Sim]
